DROP TABLE usr IF EXISTS;
DROP TABLE project IF EXISTS;
DROP TABLE sub_project IF EXISTS;
DROP TABLE asmt IF EXISTS;
DROP TABLE comment IF EXISTS;
DROP TABLE project_roster IF EXISTS;
DROP TABLE sub_project_roster IF EXISTS;
DROP TABLE asmt_roster IF EXISTS;
DROP TABLE project_comment IF EXISTS;
DROP TABLE sub_project_comment IF EXISTS;
DROP TABLE asmt_comment IF EXISTS;

CREATE TABLE usr(
  username Varchar(30) primary key,
  email VARCHAR(320) NOT NULL,
  first_name VARCHAR(30) NOT NULL,
  last_name VARCHAR(30) NOT NULL,
  password Char(32) NOT NULL,
  auth_level VARCHAR(15)
);

CREATE TABLE PROJECT
(
  pid      INTEGER PRIMARY KEY,
  owner    VARCHAR(30)  NOT NULL,
  pname    VARCHAR(100) NOT NULL,
  due_date DATETIME     NOT NULL,
  status   VARCHAR(15)  NOT NULL,
  CONSTRAINT FK_OWNER FOREIGN KEY (owner)
    REFERENCES usr (username)
);

CREATE TABLE SUB_PROJECT
(
  sid      INTEGER PRIMARY KEY,
  parent   INTEGER  NOT NULL,
  sname    VARCHAR(100) NOT NULL,
  due_date DATETIME     NOT NULL,
  status   VARCHAR(15)  NOT NULL,
  CONSTRAINT FK_PARENT FOREIGN KEY (parent)
    REFERENCES PROJECT(pid)
);

CREATE TABLE ASMT(
  aid INTEGER PRIMARY KEY,
  owner VARCHAR(30) NOT NULL,
  aname VARCHAR(50) NOT NULL,
  project INTEGER NOT NULL,
  CONSTRAINT FK_AOWNER FOREIGN KEY (owner)
    REFERENCES usr(username),
  CONSTRAINT FK_PROJECT FOREIGN KEY (project)
    REFERENCES PROJECT(pid)
);

CREATE TABLE COMMENT(
  cid INTEGER PRIMARY KEY,
  author VARCHAR(30) NOT NULL,
  time_stamp DATETIME NOT NULL,
  status VARCHAR(50) NOT NULL,
  body VARCHAR(512) NOT NULL,
  CONSTRAINT FK_AUTOR FOREIGN KEY (author)
    REFERENCES usr(username)
);

CREATE TABLE PROJECT_ROSTER(
  project INTEGER,
  student VARCHAR(30),
  responsibility VARCHAR(3) NOT NULL,
  grade VARCHAR(2) NOT NULL,
  PRIMARY KEY (project,student),
  CONSTRAINT FK_PRPROJECT FOREIGN KEY (project)
    REFERENCES PROJECT(pid),
  CONSTRAINT FK_PRSTUDENT FOREIGN KEY (student)
    REFERENCES usr(username)
);

CREATE TABLE SUB_PROJECT_ROSTER(
  sub_project INTEGER,
  student VARCHAR(30),
  responsibility VARCHAR(3) NOT NULL,
  PRIMARY KEY (sub_project,student),
   CONSTRAINT FK_SPRPROJECT FOREIGN KEY (sub_project)
    REFERENCES SUB_PROJECT(sid),
  CONSTRAINT FK_SPRSTUDENT FOREIGN KEY (student)
    REFERENCES usr(username)
);

CREATE TABLE ASMT_ROSTER(
  asmt INTEGER,
  student VARCHAR(30),
  grade VARCHAR(2) NOT NULL,
  PRIMARY KEY (asmt,student),
   CONSTRAINT FK_ARASMT FOREIGN KEY (asmt)
    REFERENCES ASMT(aid),
  CONSTRAINT FK_ARSTUDENT FOREIGN KEY (student)
    REFERENCES usr(username)
);

CREATE TABLE PROJECT_COMMENT(
  comment_id INTEGER,
  project INTEGER,
  PRIMARY KEY (comment_id,project),
  CONSTRAINT FK_PCCOMMENT FOREIGN KEY (comment_id)
    REFERENCES COMMENT(cid),
  CONSTRAINT FK_PCPROJECT FOREIGN KEY (project)
    REFERENCES PROJECT(pid)
);

CREATE TABLE SUB_PROJECT_COMMENT(
  comment_id INTEGER,
  sub_project INTEGER,
  PRIMARY KEY (comment_id,sub_project),
  CONSTRAINT FK_SPCCOMMENT FOREIGN KEY (comment_id)
    REFERENCES COMMENT(cid),
  CONSTRAINT FK_SPCPROJECT FOREIGN KEY (sub_project)
    REFERENCES SUB_PROJECT(sid)
);

CREATE TABLE ASMT_COMMENT(
  comment_id INTEGER,
  ASMT INTEGER,
  PRIMARY KEY (comment_id,asmt),
  CONSTRAINT FK_ACOMMENT FOREIGN KEY (comment_id)
    REFERENCES COMMENT(cid),
  CONSTRAINT FK_ACASMT FOREIGN KEY (asmt)
    REFERENCES ASMT(aid)
);



-- Test insertions

INSERT INTO usr VALUES('ggk','ggk@hotmail.com','david','kolo','AAAAAAAAAAAAAAAAAAAAAAAAAAAAAAAA','user');
INSERT INTO usr VALUES('wsr','wsr@hotmail.com','will','schroeder','AAAAAAAAAAAAAAAAAAAAAAAAAAAAAAAD','user');
INSERT INTO usr VALUES('ar1','ar1@hotmail.com','alex','rasin','AAAAAAAAAAAAAAAAAAAAAAAAAAAAAAAB','professor');
INSERT INTO usr VALUES('rbd','rbd@hotmail.com','reuben','diaz','AAAAAAAAAAAAAAAAAAAAAAAAAAAAAAAC','admin');

INSERT INTO PROJECT VALUES(1,'ar1','demo Project','2019-4-16 12:00:00','Ongoing');
INSERT INTO PROJECT VALUES(2,'rbd','demo Project2','2019-4-17 12:53:00','Completed');

INSERT INTO SUB_PROJECT VALUES(1,1,'Sub task 1','2019-4-16 05:00:00','Ongoing');
INSERT INTO SUB_PROJECT VALUES(3,1,'Sub task 3','2019-4-16 05:00:00','Almost Done');
INSERT INTO SUB_PROJECT VALUES(2,2,'Sub task 2','2020-5-16 05:00:00','Pending');

INSERT INTO ASMT VALUES(1,'ar1','Initial schema',1);
INSERT INTO ASMT VALUES(2,'rbd','put and delete',2);

INSERT INTO COMMENT VALUES (1,'ggk',NOW(),'neutral','THIS IS GREAT! GOOD JOB');
INSERT INTO COMMENT VALUES (2,'rbd',NOW(),'thumbs up','KHAAAAAAAAAAAAAAAAN');

INSERT INTO PROJECT_ROSTER VALUES (1,'ggk','NO', 'A-');
INSERT INTO PROJECT_ROSTER VALUES (2,'wsr','NO', 'B+');
INSERT INTO PROJECT_ROSTER VALUES (1,'wsr','NO', 'C');


INSERT INTO SUB_PROJECT_ROSTER VALUES (1,'ggk','yes');
INSERT INTO SUB_PROJECT_ROSTER VALUES (2,'wsr','no');

INSERT INTO ASMT_ROSTER VALUES (1,'ggk','A-');
INSERT INTO ASMT_ROSTER VALUES (2,'wsr','B+');

INSERT INTO PROJECT_COMMENT VALUES (1,1);
INSERT INTO SUB_PROJECT_COMMENT VALUES (1,1);
INSERT INTO ASMT_COMMENT VALUES (1,1);


INSERT INTO PROJECT_COMMENT VALUES (2,2);
INSERT INTO SUB_PROJECT_COMMENT VALUES (2,2);
INSERT INTO ASMT_COMMENT VALUES (2,2);